{"b": {"h": [-0.3999999999996362, -0.3833333333323026, -0.36666666666587844, -0.3499999999994543, -0.33333333333303017, -0.31666666666569654, -0.29944444444390683, -0.2827777777774827, -0.26611111111014907, -0.24944444444372493, -0.2327777777773008, -0.2155555555546016, -0.19888888888817746, -0.18222222222175333, -0.1655555555553292, -0.14833333333263, -0.13166666666620586, -0.11499999999978172, -0.09833333333244809, -0.08111111111065838, -0.06444444444332476, -0.04777777777690062, -0.031111111110476486, -0.014444444444052351, 0.0022222222232812783, 0.018888888889705413, 0.03555555555612955, 0.05222222222255368, 0.06888888888988731, 0.08555555555631145, 0.10222222222273558, 0.11888888888915972, 0.13555555555649335, 0.15222222222291748, 0.16888888888934162, 0.18555555555667524, 0.20222222222309938, 0.21888888888952351, 0.23583333333408518, 0.25277777777864685, 0.269444444445071, 0.2861111111114951, 0.30277777777882875, 0.32000000000061846, 0.33722222222331766, 0.35444444444510737, 0.37166666666689707, 0.3888888888895963, 0.406111111111386, 0.4233333333340852, 0.4405555555558749, 0.4577777777785741, 0.47555555555663886, 0.492222222223063, 0.5088888888894871, 0.5255555555559113, 0.5427777777786105, 0.5594444444450346, 0.5761111111114587, 0.5927777777787924, 0.6094444444452165, 0.6261111111116406, 0.6427777777780648, 0.6594444444453984, 0.6766666666671881, 0.6933333333336122, 0.7105555555563114, 0.7272222222227356, 0.7444444444454348, 0.7611111111118589, 0.777777777778283, 0.7944444444447072, 0.8111111111120408, 0.8283333333338305, 0.8450000000002547, 0.8616666666675883, 0.8783333333340124, 0.8950000000004366, 0.9116666666677702, 0.9283333333341943, 0.9450000000006185, 0.9616666666670426, 0.9783333333343762], "P": [1020.0, 870.0, 736.0, 584.0, 263.0, 118.0, 53.0, 25.6, 12.6, 6.96, 3.9, 2.21, 1.32, 1.26, 0.782, 0.035, 0.03, 0.0283, 0.0268, 0.0256, 0.0248, 0.0241, 0.0235, 0.0229, 0.0225, 0.0221, 0.0217, 0.0214, 0.0211, 0.0208, 0.0204, 0.0203, 0.0201, 0.0198, 0.0197, 0.0195, 0.0194, 0.0192, 0.0191, 0.019, 0.0188, 0.0188, 0.0187, 0.0186, 0.0185, 0.0184, 0.0183, 0.0182, 0.0181, 0.018, 0.018, 0.0179, 0.0179, 0.0177, 0.0177, 0.0177, 0.0177, 0.0177, 0.0177, 0.0176, 0.0175, 0.0175, 0.0175, 0.0175, 0.0174, 0.0174, 0.0174, 0.0174, 0.0184, 0.019, 0.0198, 0.0204, 0.0211, 0.0217, 0.0223, 0.0229, 0.0235, 0.0241, 0.0246, 0.0253, 0.0258, 0.0264, 0.0271]}, "c": {"h": [-0.3999999999996362, -0.38333333333321207, -0.36666666666678793, -0.3499999999994543, -0.33333333333303017, -0.31666666666660603, -0.3000000000001819, -0.28333333333284827, -0.26666666666642413, -0.25, -0.23333333333357587, -0.21666666666624224, -0.1999999999998181, -0.18333333333339397, -0.16666666666606034, -0.1499999999996362, -0.13333333333321207, -0.11666666666678793, -0.0999999999994543, -0.08333333333303017, -0.06666666666660603, -0.0500000000001819, -0.03333333333284827, -0.016666666666424135, 0.0, 0.016666666666424135, 0.033333333333757764, 0.0500000000001819, 0.06666666666660603, 0.08333333333393966, 0.1000000000003638, 0.11666666666678793, 0.13333333333321207, 0.15055555555591127, 0.1672222222223354, 0.1844444444450346, 0.2016666666668243, 0.21888888888952351, 0.23611111111131322, 0.25333333333310293, 0.27055555555580213, 0.28777777777759184, 0.30500000000029104, 0.32222222222208075, 0.33944444444477995, 0.3561111111112041, 0.3727777777776282, 0.38944444444496185, 0.406111111111386, 0.4227777777778101, 0.43944444444423425, 0.4561111111115679, 0.472777777777992, 0.48944444444441615, 0.5061111111117498, 0.5227777777781739, 0.539444444444598, 0.5561111111110222, 0.5727777777783558, 0.58944444444478, 0.6061111111112041, 0.6227777777776282, 0.6394444444449618, 0.656111111111386, 0.6727777777778101, 0.6894444444442343, 0.7061111111115679, 0.722777777777992, 0.7394444444444161, 0.7561111111117498, 0.7727777777781739, 0.789444444444598, 0.8061111111110222, 0.8227777777783558, 0.83944444444478, 0.8561111111112041, 0.8727777777776282, 0.8894444444449618, 0.906111111111386, 0.9227777777778101, 0.9394444444442343, 0.9561111111115679, 0.972777777777992, 0.9894444444444161], "P": [869.0, 736.0, 622.0, 525.0, 443.0, 339.0, 154.0, 71.7, 35.5, 18.6, 10.6, 6.96, 4.78, 3.51, 2.51, 1.67, 0.99, 0.503, 0.279, 0.194, 0.147, 0.118, 0.0981, 0.0838, 0.073, 0.0649, 0.0582, 0.0531, 0.0486, 0.0451, 0.0425, 0.0398, 0.0373, 0.0353, 0.0337, 0.0332, 0.0348, 0.0362, 0.0376, 0.0391, 0.0405, 0.0419, 0.043, 0.0439, 0.045, 0.0462, 0.0472, 0.048, 0.049, 0.0501, 0.051, 0.0519, 0.0528, 0.0538, 0.0547, 0.0557, 0.0565, 0.0575, 0.0579, 0.0587, 0.0597, 0.0604, 0.0614, 0.062, 0.0627, 0.0637, 0.0642, 0.0652, 0.0659, 0.0667, 0.0674, 0.0679, 0.0688, 0.0693, 0.0701, 0.0708, 0.0713, 0.072, 0.0728, 0.0732, 0.0737, 0.0741, 0.0747, 0.0754]}}